,,IF/ID,ID/EX,,,,,MEM/WB,,,EX/MEM,
Instruction,Opcode,,RegDST,ALUOp,ALUSrc,Zero,PCSrc,Branch,MemWrite,MemRead,MemToReg,RegWrite
ADD,0,,,,,,,,,,,
SUB,1,,,,,,,,,,,
XOR,10,,,,,,,,,,,
RED,11,,,,,,,,,,,
SLL,100,,,,,,,,,,,
SRA,101,,,,,,,,,,,
ROR,110,,,,,,,,,,,
PADDSB,111,,,,,,,,,,,
LW,1000,,,,,,,,,,,
SW,1001,,,,,,,,,,,
LLB,1010,,,,,,,,,,,
LHB,1011,,,,,,,,,,,
B,1100,,,,,,,,,,,
BR,1101,,,,,,,,,,,
PCS,1110,,,,,,,,,,,
HLT,1111,,,,,,,,,,,
,,,,,,,,,,,,
,,,,,,,,,,,,
,,,,,,,,,,,,
Data Hazard Detection,,,,,,,,,,,,
Input,Output,,,,,,,,,,,
